User,"Bin1,x","Bin2,x","Bin3,x","Bin4,x","Bin5,x","Bin6,x","Bin7,x","Bin8,x","Bin9,x","Bin10,x","Bin1,y","Bin2,y","Bin3,y","Bin4,y","Bin5,y","Bin6,y","Bin7,y","Bin8,y","Bin9,y","Bin10,y","Bin1,z","Bin2,z","Bin3,z","Bin4,z","Bin5,z","Bin6,z","Bin7,z","Bin8,z","Bin9,z","Bin10,z",PeaksList-x,PeaksList-y,PeaksList-z,AvgAbsDiff-x,AvgAbsDiff-y,AvgAbsDiff-z,AvgAcc-x,AvgAcc-y,AvgAcc-z,StdDev-x,StdDev-y,StdDev-z,AvgResAcc,Label
Bhargavi,0.01408450704225352112676056338,0.01810865191146881287726358149,0.02213279678068410462776659960,0.06237424547283702213279678068,0.1971830985915492957746478873,0.2837022132796780684104627767,0.1670020120724346076458752515,0.1126760563380281690140845070,0.05633802816901408450704225352,0.05432595573440643863179074447,0.01609657947686116700201207243,0.03018108651911468812877263581,0.1026156941649899396378269618,0.1388329979879275653923541247,0.1710261569416498993963782696,0.1428571428571428571428571429,0.1126760563380281690140845070,0.09054325955734406438631790744,0.09456740442655935613682092555,0.04828973843058350100603621730,0.01810865191146881287726358149,0.1247484909456740442655935614,0.1368209255533199195171026157,0.1468812877263581488933601610,0.1146881287726358148893360161,0.06639839034205231388329979879,0.07847082494969818913480885312,0.08249496981891348088531187123,0.1267605633802816901408450704,0.06841046277665995975855130785,61.5527950311,92.9906542056,79.1290322581,0.337378775401,0.706878583038,1.36868325545,0.17288923359492894,1.3091977462922064,9.354636700820155,0.4466215620588989,0.8555552081764867,1.560656993895302,0.4720899709524997,walking
Bhargavi,0.003597122302158273381294964029,0.01258992805755395683453237410,0.02338129496402877697841726619,0.04856115107913669064748201439,0.09712230215827338129496402878,0.2248201438848920863309352518,0.2589928057553956834532374101,0.1816546762589928057553956835,0.09892086330935251798561151079,0.03597122302158273381294964029,0.01798561151079136690647482014,0.06115107913669064748201438849,0.1079136690647482014388489209,0.1223021582733812949640287770,0.1654676258992805755395683453,0.1133093525179856115107913669,0.1294964028776978417266187050,0.1115107913669064748201438849,0.08093525179856115107913669065,0.06654676258992805755395683453,0.04496402877697841726618705036,0.1582733812949640287769784173,0.1906474820143884892086330935,0.09892086330935251798561151079,0.09712230215827338129496402878,0.1043165467625899280575539568,0.1223021582733812949640287770,0.1330935251798561151079136691,0.03776978417266187050359712230,0.005395683453237410071942446043,58.9312169312,86.3410852713,78.9929078014,0.336268522177,0.607448498708,1.39373366,-0.09422151304835039,0.9718460522109656,9.412232158852996,0.4385682106180263,0.7223733614901274,1.5792815854925566,0.5285080446119012,walking
Bhargavi,0.01834862385321100917431192661,0.02935779816513761467889908257,0.08256880733944954128440366972,0.1559633027522935779816513761,0.2348623853211009174311926606,0.2201834862385321100917431193,0.1137614678899082568807339450,0.07522935779816513761467889908,0.04770642201834862385321100917,0.01651376146788990825688073394,0.005504587155963302752293577982,0.01651376146788990825688073394,0.03853211009174311926605504587,0.07155963302752293577981651376,0.09357798165137614678899082569,0.1706422018348623853211009174,0.1449541284403669724770642202,0.1834862385321100917431192661,0.1321100917431192660550458716,0.1064220183486238532110091743,0.01100917431192660550458715596,0.1082568807339449541284403670,0.2,0.1064220183486238532110091743,0.08807339449541284403669724771,0.09174311926605504587155963303,0.08256880733944954128440366972,0.1137614678899082568807339450,0.1229357798165137614678899083,0.05321100917431192660550458716,58.6864864865,85.6456692913,82.8923076923,0.338451700987,0.618101677183,1.48837612425,0.009069040280963303,1.1534059577031968,9.402436058674384,0.44023059691079935,0.7542756929430607,1.6821749125497956,0.5187113000651693,walking
Bhargavi,0.003809523809523809523809523810,0.009523809523809523809523809524,0.001904761904761904761904761905,0.009523809523809523809523809524,0.04571428571428571428571428571,0.2114285714285714285714285714,0.3390476190476190476190476190,0.2571428571428571428571428571,0.09142857142857142857142857143,0.01904761904761904761904761905,0.009523809523809523809523809524,0.06857142857142857142857142857,0.07809523809523809523809523810,0.1161904761904761904761904762,0.1752380952380952380952380952,0.1295238095238095238095238095,0.16,0.1371428571428571428571428571,0.07809523809523809523809523810,0.03619047619047619047619047619,0.007619047619047619047619047619,0.09523809523809523809523809524,0.1828571428571428571428571429,0.1561904761904761904761904762,0.08,0.08571428571428571428571428571,0.08380952380952380952380952381,0.1161904761904761904761904762,0.1085714285714285714285714286,0.06476190476190476190476190476,57.3296703297,76.7205882353,82.8095238095,0.321855877312,0.538422718697,1.28060489444,-0.04991132463727679,1.1777692522321428,9.418344319661458,0.43822539479589145,0.645937464645246,1.445475909806257,0.500172934072443,walking
Bhargavi,0.01098901098901098901098901099,0.02747252747252747252747252747,0.08424908424908424908424908425,0.1043956043956043956043956044,0.2161172161172161172161172161,0.2362637362637362637362637363,0.1776556776556776556776556777,0.08424908424908424908424908425,0.04395604395604395604395604396,0.01282051282051282051282051282,0.02197802197802197802197802198,0.04945054945054945054945054945,0.1391941391941391941391941392,0.1483516483516483516483516484,0.1666666666666666666666666667,0.1684981684981684981684981685,0.1227106227106227106227106227,0.1117216117216117216117216117,0.06227106227106227106227106227,0.003663003663003663003663003663,0.01282051282051282051282051282,0.1227106227106227106227106227,0.2252747252747252747252747253,0.1153846153846153846153846154,0.07509157509157509157509157509,0.07692307692307692307692307692,0.1098901098901098901098901099,0.1391941391941391941391941392,0.08974358974358974358974358974,0.02380952380952380952380952381,56.5699481865,78.2536231884,76.3120567376,0.285324311653,0.564663136499,1.23115041673,-0.05032642071063702,1.2180363581730769,9.434500502142715,0.36704866210537995,0.6819278308181638,1.3778313890000615,0.5213032261322457,walking
Bhargavi,0.01457194899817850637522768670,0.03460837887067395264116575592,0.05464480874316939890710382514,0.1238615664845173041894353370,0.2276867030965391621129326047,0.2622950819672131147540983607,0.1293260473588342440801457195,0.1001821493624772313296903461,0.03460837887067395264116575592,0.01092896174863387978142076503,0.009107468123861566484517304189,0.04553734061930783242258652095,0.1056466302367941712204007286,0.1785063752276867030965391621,0.1894353369763205828779599271,0.1675774134790528233151183971,0.1785063752276867030965391621,0.09836065573770491803278688525,0.01821493624772313296903460838,0.001821493624772313296903460838,0.02914389799635701275045537341,0.1256830601092896174863387978,0.1785063752276867030965391621,0.1220400728597449908925318761,0.1020036429872495446265938069,0.07103825136612021857923497268,0.08925318761384335154826958106,0.08014571948998178506375227687,0.1293260473588342440801457195,0.05828779599271402550091074681,61.9096045198,80.2773722628,87.656,0.318386546692,0.596857217808,1.33983232296,-0.13597145844895547,1.3375268043281818,9.428817109766337,0.413898237158866,0.7264919855613239,1.5229709586448041,0.5250331603303562,walking
Bhargavi,0.01495327102803738317757009346,0.05607476635514018691588785047,0.09158878504672897196261682243,0.1663551401869158878504672897,0.2186915887850467289719626168,0.2186915887850467289719626168,0.1196261682242990654205607477,0.04485981308411214953271028037,0.03738317757009345794392523364,0.02429906542056074766355140187,0.005607476635514018691588785047,0.01121495327102803738317757009,0.009345794392523364485981308411,0.02990654205607476635514018692,0.07289719626168224299065420561,0.1233644859813084112149532710,0.1626168224299065420560747664,0.1887850467289719626168224299,0.1663551401869158878504672897,0.1551401869158878504672897196,0.03177570093457943925233644860,0.1177570093457943925233644860,0.2130841121495327102803738318,0.1065420560747663551401869159,0.08598130841121495327102803738,0.08971962616822429906542056075,0.1084112149532710280373831776,0.1177570093457943925233644860,0.08224299065420560747663551402,0.03364485981308411214953271028,56.3510638298,79.3656716418,82.7441860465,0.390858866418,0.666638981758,1.45133515665,-0.04894172454548773,1.5231287020389164,9.388868356865142,0.5005611883086165,0.8330470728976276,1.6459218745655515,0.5118682665323153,walking
Bhargavi,0.005628517823639774859287054409,0.01313320825515947467166979362,0.05816135084427767354596622889,0.1763602251407129455909943715,0.2983114446529080675422138837,0.2138836772983114446529080675,0.1163227016885553470919324578,0.08818011257035647279549718574,0.01313320825515947467166979362,0.01500938086303939962476547842,0.01688555347091932457786116323,0.03189493433395872420262664165,0.04502814258911819887429643527,0.09005628517823639774859287054,0.1144465290806754221388367730,0.1688555347091932457786116323,0.09568480300187617260787992495,0.1801125703564727954971857411,0.1350844277673545966228893058,0.09943714821763602251407129456,0.05065666041275797373358348968,0.1200750469043151969981238274,0.1651031894934333958724202627,0.1013133208255159474671669794,0.08255159474671669793621013133,0.07879924953095684803001876173,0.09943714821763602251407129456,0.09568480300187617260787992495,0.1257035647279549718574108818,0.06378986866791744840525328330,59.3988764045,75.0352112676,77.4817518248,0.298964831964,0.623407697727,1.28318291988,0.16386115841749238,1.7821607750754866,9.354660921651472,0.3822162767358254,0.7423756758093509,1.4501164436672767,0.5097924386750167,walking
Bhargavi,0.009689922480620155038759689922,0.02519379844961240310077519380,0.05038759689922480620155038760,0.07751937984496124031007751938,0.1511627906976744186046511628,0.1937984496124031007751937984,0.1531007751937984496124031008,0.1686046511627906976744186047,0.1182170542635658914728682171,0.03682170542635658914728682171,0.01550387596899224806201550388,0.09302325581395348837209302326,0.1298449612403100775193798450,0.1395348837209302325581395349,0.1802325581395348837209302326,0.1918604651162790697674418605,0.1298449612403100775193798450,0.07364341085271317829457364341,0.03100775193798449612403100775,0.01356589147286821705426356589,0.02325581395348837209302325581,0.1027131782945736434108527132,0.1666666666666666666666666667,0.1434108527131782945736434109,0.1472868217054263565891472868,0.1279069767441860465116279070,0.1298449612403100775193798450,0.07558139534883720930232558140,0.06201550387596899224806201550,0.01356589147286821705426356589,54.582010582,65.3269230769,59.408045977,1.39082195229,1.35305159221,2.18266471958,-0.17344094801318738,3.311796794566073,8.846434511879618,1.7169982337769703,1.6462679192861331,2.593725689856883,0.5019034158242486,running
Bhargavi,0.009276437847866419294990723562,0.02040816326530612244897959184,0.04452690166975881261595547310,0.09276437847866419294990723562,0.1502782931354359925788497217,0.2189239332096474953617810761,0.1688311688311688311688311688,0.1280148423005565862708719852,0.1038961038961038961038961039,0.04267161410018552875695732839,0.01669758812615955473098330241,0.07050092764378478664192949907,0.1168831168831168831168831169,0.1539888682745825602968460111,0.1391465677179962894248608534,0.1391465677179962894248608534,0.1150278293135435992578849722,0.1001855287569573283858998145,0.08534322820037105751391465677,0.05194805194805194805194805195,0.03339517625231910946196660482,0.08719851576994434137291280148,0.1168831168831168831168831169,0.1224489795918367346938775510,0.09833024118738404452690166976,0.1298701298701298701298701299,0.1372912801484230055658627087,0.1131725417439703153988868275,0.07977736549165120593692022263,0.05565862708719851576994434137,58.5652173913,67.21875,68.6305732484,1.50207182097,1.39888901049,2.32561395904,-0.4988472961539019,3.298127353080792,8.944683492515436,1.8849551439181509,1.6634759734863835,2.736767943703714,0.5302709774190315,running
Bhargavi,0.009276437847866419294990723562,0.02040816326530612244897959184,0.04452690166975881261595547310,0.09276437847866419294990723562,0.1502782931354359925788497217,0.2189239332096474953617810761,0.1688311688311688311688311688,0.1280148423005565862708719852,0.1038961038961038961038961039,0.04267161410018552875695732839,0.01669758812615955473098330241,0.07050092764378478664192949907,0.1168831168831168831168831169,0.1539888682745825602968460111,0.1391465677179962894248608534,0.1391465677179962894248608534,0.1150278293135435992578849722,0.1001855287569573283858998145,0.08534322820037105751391465677,0.05194805194805194805194805195,0.03339517625231910946196660482,0.08719851576994434137291280148,0.1168831168831168831168831169,0.1224489795918367346938775510,0.09833024118738404452690166976,0.1298701298701298701298701299,0.1372912801484230055658627087,0.1131725417439703153988868275,0.07977736549165120593692022263,0.05565862708719851576994434137,58.5652173913,67.21875,68.6305732484,1.50207182097,1.39888901049,2.32561395904,-0.4988472961539019,3.298127353080792,8.944683492515436,1.8849551439181509,1.6634759734863835,2.736767943703714,0.5302709774190315,running
Bhargavi,0.009107468123861566484517304189,0.01092896174863387978142076503,0.02914389799635701275045537341,0.06193078324225865209471766849,0.09836065573770491803278688525,0.2094717668488160291438979964,0.1912568306010928961748633880,0.1621129326047358834244080146,0.1183970856102003642987249545,0.06921675774134790528233151184,0.003642987249544626593806921676,0.01639344262295081967213114754,0.08196721311475409836065573770,0.1602914389799635701275045537,0.1566484517304189435336976321,0.1639344262295081967213114754,0.1511839708561020036429872495,0.1056466302367941712204007286,0.09107468123861566484517304189,0.05100182149362477231329690346,0.05828779599271402550091074681,0.1165755919854280510018214936,0.1912568306010928961748633880,0.09289617486338797814207650273,0.1220400728597449908925318761,0.1420765027322404371584699454,0.1384335154826958105646630237,0.08561020036429872495446265938,0.03460837887067395264116575592,0.01457194899817850637522768670,55.2613065327,61.3240223464,59.4432432432,1.6780936542,1.52372625416,2.73404342741,-0.3253880068252647,2.925025203406051,9.038051417616547,2.1027969508575706,1.8326732030414548,3.16901968389241,0.5435241333989155,running
Bhargavi,0.01449275362318840579710144928,0.02717391304347826086956521739,0.05253623188405797101449275362,0.07971014492753623188405797101,0.1159420289855072463768115942,0.1666666666666666666666666667,0.2065217391304347826086956522,0.1503623188405797101449275362,0.1376811594202898550724637681,0.04166666666666666666666666667,0.02173913043478260869565217391,0.09057971014492753623188405797,0.1431159420289855072463768116,0.1467391304347826086956521739,0.1576086956521739130434782609,0.1358695652173913043478260870,0.1086956521739130434782608696,0.08695652173913043478260869565,0.06702898550724637681159420290,0.02536231884057971014492753623,0.01086956521739130434782608696,0.03804347826086956521739130435,0.1684782608695652173913043478,0.2010869565217391304347826087,0.1793478260869565217391304348,0.1702898550724637681159420290,0.1159420289855072463768115942,0.06884057971014492753623188406,0.02717391304347826086956521739,0.01811594202898550724637681159,54.815920398,66.2215568862,60.6483516484,1.6349794093,1.54112993311,2.35577426781,-0.7340424855550131,2.6161016657732534,9.169892711915832,2.0277554025154387,1.8622999992980893,2.9043514627793026,0.5481693345782407,running
Bhargavi,0.007633587786259541984732824427,0.01908396946564885496183206107,0.02671755725190839694656488550,0.06679389312977099236641221374,0.09541984732824427480916030534,0.1469465648854961832061068702,0.1832061068702290076335877863,0.1889312977099236641221374046,0.1622137404580152671755725191,0.07251908396946564885496183206,0.03053435114503816793893129771,0.03244274809160305343511450382,0.07442748091603053435114503817,0.1564885496183206106870229008,0.1545801526717557251908396947,0.1622137404580152671755725191,0.1087786259541984732824427481,0.1049618320610687022900763359,0.09351145038167938931297709924,0.05534351145038167938931297710,0.02099236641221374045801526718,0.09351145038167938931297709924,0.1564885496183206106870229008,0.1259541984732824427480916031,0.1526717557251908396946564885,0.1641221374045801526717557252,0.1278625954198473282442748092,0.08969465648854961832061068702,0.04580152671755725190839694656,0.01908396946564885496183206107,49.7393364929,61.9822485207,53.9845360825,1.59319766714,1.38478651103,2.62041576797,-0.09439817821706524,2.1932082139808715,9.311489192584089,1.9822305814534877,1.693523179436671,3.1328298415149485,0.5193070894077331,running
Bhargavi,0.01417004048582995951417004049,0.04048582995951417004048582996,0.08299595141700404858299595142,0.1295546558704453441295546559,0.1558704453441295546558704453,0.1761133603238866396761133603,0.1740890688259109311740890688,0.1133603238866396761133603239,0.07287449392712550607287449393,0.03441295546558704453441295547,0.01619433198380566801619433198,0.03441295546558704453441295547,0.1417004048582995951417004049,0.1558704453441295546558704453,0.1437246963562753036437246964,0.1882591093117408906882591093,0.1599190283400809716599190283,0.09514170040485829959514170040,0.04048582995951417004048582996,0.01619433198380566801619433198,0.01619433198380566801619433198,0.07085020242914979757085020243,0.1902834008097165991902834008,0.1578947368421052631578947368,0.1821862348178137651821862348,0.1659919028340080971659919028,0.1072874493927125506072874494,0.06275303643724696356275303644,0.02226720647773279352226720648,0.01619433198380566801619433198,50.2081218274,59.8121212121,57.3779069767,1.70941458636,1.57721174588,2.6088916286,-0.5066501138663968,2.5257879712803644,9.159649590249003,2.102343192610732,1.9163477468006123,3.209730333294377,0.49082956343292206,running
Bhargavi,0.01346153846153846153846153846,0.02307692307692307692307692308,0.07692307692307692307692307692,0.1153846153846153846153846154,0.1903846153846153846153846154,0.1730769230769230769230769231,0.1576923076923076923076923077,0.1307692307692307692307692308,0.08461538461538461538461538462,0.02692307692307692307692307692,0.01730769230769230769230769231,0.04807692307692307692307692308,0.1192307692307692307692307692,0.09615384615384615384615384615,0.1615384615384615384615384615,0.2115384615384615384615384615,0.1519230769230769230769230769,0.09615384615384615384615384615,0.06153846153846153846153846154,0.025,0.01153846153846153846153846154,0.05,0.1615384615384615384615384615,0.1480769230769230769230769231,0.1076923076923076923076923077,0.1326923076923076923076923077,0.15,0.125,0.07307692307692307692307692308,0.03653846153846153846153846154,51.8442211055,58.3446327684,64.4347826087,1.85016622667,1.54390581842,3.11791135348,-0.2623656639685998,2.9640978006216194,9.025663698636569,2.258316297669858,1.9150136647009968,3.6425441105290597,0.5183472496919692,running
Bhargavi,0.007092198581560283687943262411,0.05673758865248226950354609929,0.1489361702127659574468085106,0.2588652482269503546099290780,0.2624113475177304964539007092,0.1471631205673758865248226950,0.06560283687943262411347517730,0.03014184397163120567375886525,0.007092198581560283687943262411,0.008865248226950354609929078014,0.007092198581560283687943262411,0.02836879432624113475177304965,0.1382978723404255319148936170,0.1595744680851063829787234043,0.1648936170212765957446808511,0.2145390070921985815602836879,0.1329787234042553191489361702,0.08333333333333333333333333333,0.04078014184397163120567375887,0.01950354609929078014184397163,0.001773049645390070921985815603,0.01950354609929078014184397163,0.1347517730496453900709219858,0.1507092198581560283687943262,0.2074468085106382978723404255,0.1312056737588652482269503546,0.1666666666666666666666666667,0.09219858156028368794326241135,0.05496453900709219858156028369,0.03368794326241134751773049645,50.7912621359,53.4744897959,55.9465240642,0.448792655165,0.569098785882,1.20195018415,0.011319316025321366,4.425237046911361,9.111398034061946,0.593937398604465,0.7044036098279541,1.4525448127344323,0.5739555541229374,walking
Bhargavi,0.005244755244755244755244755245,0.006993006993006993006993006993,0.01923076923076923076923076923,0.07517482517482517482517482517,0.1748251748251748251748251748,0.2832167832167832167832167832,0.2814685314685314685314685315,0.09440559440559440559440559441,0.03146853146853146853146853147,0.02097902097902097902097902098,0.005244755244755244755244755245,0.008741258741258741258741258741,0.04370629370629370629370629371,0.1730769230769230769230769231,0.1975524475524475524475524476,0.2272727272727272727272727273,0.1800699300699300699300699301,0.1048951048951048951048951049,0.03671328671328671328671328671,0.01573426573426573426573426573,0.006993006993006993006993006993,0.07517482517482517482517482517,0.1678321678321678321678321678,0.2167832167832167832167832168,0.1643356643356643356643356643,0.1468531468531468531468531469,0.09965034965034965034965034965,0.06643356643356643356643356643,0.03846153846153846153846153846,0.01223776223776223776223776224,51.043062201,57.0481283422,55.5625,0.461770103895,0.558937796089,1.34259463072,-0.034741861836893574,3.857096451979417,9.373966963974746,0.6177739584654567,0.7009807005569059,1.6474017041554645,0.5828048359334106,walking
Bhargavi,0.001677852348993288590604026846,0.006711409395973154362416107383,0.02013422818791946308724832215,0.1224832214765100671140939597,0.2265100671140939597315436242,0.2802013422818791946308724832,0.1895973154362416107382550336,0.1006711409395973154362416107,0.03355704697986577181208053691,0.01174496644295302013422818792,0.006711409395973154362416107383,0.01510067114093959731543624161,0.02852348993288590604026845638,0.1073825503355704697986577181,0.1912751677852348993288590604,0.2348993288590604026845637584,0.1442953020134228187919463087,0.1577181208053691275167785235,0.07550335570469798657718120805,0.02852348993288590604026845638,0.01845637583892617449664429530,0.1073825503355704697986577181,0.1543624161073825503355704698,0.1610738255033557046979865772,0.1208053691275167785234899329,0.1510067114093959731543624161,0.1208053691275167785234899329,0.08221476510067114093959731544,0.03691275167785234899328859060,0.02684563758389261744966442953,59.0319148936,67.2606060606,60.978021978,0.485040880572,0.548371112205,1.41901040514,-0.02630110875072095,3.5584409060894244,9.50566930578859,0.6255475905824455,0.6839309355539821,1.7018892445689897,0.6080967623004785,walking
Bhargavi,0.006896551724137931034482758621,0.02068965517241379310344827586,0.08275862068965517241379310345,0.2413793103448275862068965517,0.3275862068965517241379310345,0.1862068965517241379310344828,0.08965517241379310344827586207,0.03275862068965517241379310345,0.005172413793103448275862068966,0.001724137931034482758620689655,0.006896551724137931034482758621,0.01724137931034482758620689655,0.05172413793103448275862068966,0.1172413793103448275862068966,0.1344827586206896551724137931,0.1913793103448275862068965517,0.1810344827586206896551724138,0.1637931034482758620689655172,0.08448275862068965517241379310,0.03620689655172413793103448276,0.05344827586206896551724137931,0.1,0.1517241379310344827586206897,0.1120689655172413793103448276,0.1189655172413793103448275862,0.1258620689655172413793103448,0.1051724137931034482758620690,0.1241379310344827586206896552,0.06379310344827586206896551724,0.03103448275862068965517241379,53.6268656716,66.1288343558,63.3,0.480090204754,0.556859351849,1.36367241895,-0.22668307074185076,4.101809639766299,9.30751111260776,0.6358779146791658,0.6897623548318822,1.596005199144055,0.5927846724201573,walking
Bhargavi,0.006722689075630252100840336134,0.04201680672268907563025210084,0.08235294117647058823529411765,0.2252100840336134453781512605,0.2655462184873949579831932773,0.1932773109243697478991596639,0.09915966386554621848739495798,0.04873949579831932773109243697,0.02857142857142857142857142857,0.005042016806722689075630252101,0.01344537815126050420168067227,0.05210084033613445378151260504,0.1327731092436974789915966387,0.2,0.2218487394957983193277310924,0.1899159663865546218487394958,0.1243697478991596638655462185,0.04705882352941176470588235294,0.008403361344537815126050420168,0.005042016806722689075630252101,0.03697478991596638655462184874,0.1176470588235294117647058824,0.1462184873949579831932773109,0.1579831932773109243697478992,0.1025210084033613445378151261,0.1226890756302521008403361345,0.1226890756302521008403361345,0.09411764705882352941176470588,0.06218487394957983193277310924,0.03193277310924369747899159664,47.6266094421,55.39,66.4491017964,0.419488154033,0.560262278165,1.46189231164,-0.15799481047301733,3.3643043582178964,9.585559492351628,0.5396734949077107,0.6971923196121762,1.7098192973856217,0.6071828629223249,walking
Bhargavi,0.01023890784982935153583617747,0.01365187713310580204778156997,0.02730375426621160409556313993,0.1433447098976109215017064846,0.3003412969283276450511945392,0.2372013651877133105802047782,0.1552901023890784982935153584,0.05802047781569965870307167235,0.03071672354948805460750853242,0.01194539249146757679180887372,0.003412969283276450511945392491,0.006825938566552901023890784983,0.04436860068259385665529010239,0.1126279863481228668941979522,0.1638225255972696245733788396,0.2337883959044368600682593857,0.1843003412969283276450511945,0.1211604095563139931740614334,0.09044368600682593856655290102,0.02218430034129692832764505119,0.02730375426621160409556313993,0.1160409556313993174061433447,0.1894197952218430034129692833,0.1433447098976109215017064846,0.1484641638225255972696245734,0.1501706484641638225255972696,0.1058020477815699658703071672,0.06655290102389078498293515358,0.03583617747440273037542662116,0.01023890784982935153583617747,49.2252252252,56.3298969072,69.6050955414,0.460181927864,0.535824484502,1.5091417485,-0.14748903346143077,3.0833808456264666,9.702210279861815,0.6189134161395606,0.6745928865318774,1.8240533898124165,0.5996080227092336,walking
Bhargavi,0.003246753246753246753246753247,0.003246753246753246753246753247,0.003246753246753246753246753247,0.01948051948051948051948051948,0.1071428571428571428571428571,0.2743506493506493506493506494,0.2938311688311688311688311688,0.1834415584415584415584415584,0.08766233766233766233766233766,0.01948051948051948051948051948,0.009740259740259740259740259740,0.009740259740259740259740259740,0.05844155844155844155844155844,0.1899350649350649350649350649,0.2110389610389610389610389610,0.2662337662337662337662337662,0.1655844155844155844155844156,0.06493506493506493506493506494,0.01623376623376623376623376623,0.004870129870129870129870129870,0.1071428571428571428571428571,0.1558441558441558441558441558,0.1672077922077922077922077922,0.1428571428571428571428571429,0.1347402597402597402597402597,0.1038961038961038961038961039,0.1120129870129870129870129870,0.03733766233766233766233766234,0.03246753246753246753246753247,0.004870129870129870129870129870,47.6736401674,60.8191489362,65.6034482759,0.533119203751,0.624264762622,1.76775807614,-0.1523091204754718,3.2568413375259992,9.64384448063838,0.6883571018722571,0.7924681896509816,2.103218629349751,0.6311844817513411,walking
Bhargavi,0.005657708628005657708628005658,0.007072135785007072135785007072,0.01838755304101838755304101839,0.07637906647807637906647807638,0.1881188118811881188118811881,0.2743988684582743988684582744,0.2446958981612446958981612447,0.1173974540311173974540311174,0.03818953323903818953323903819,0.02263083451202263083451202263,0.009900990099009900990099009901,0.02121640735502121640735502122,0.09052333804809052333804809052,0.1824611032531824611032531825,0.2446958981612446958981612447,0.2008486562942008486562942008,0.1669024045261669024045261669,0.04667609618104667609618104668,0.01838755304101838755304101839,0.009900990099009900990099009901,0.01272984441301272984441301273,0.08769448373408769448373408769,0.1654879773691654879773691655,0.1711456859971711456859971711,0.1244695898161244695898161245,0.1315417256011315417256011315,0.1089108910891089108910891089,0.1131541725601131541725601132,0.04809052333804809052333804809,0.02970297029702970297029702970,49.6165413534,57.2173913043,61.9624413146,0.464333858952,0.618265853006,1.51023625657,-0.11857842387370712,3.3442859568724033,9.582767815704562,0.6087186126818026,0.7873707502224196,1.7823474048387,0.7217114651547044,walking
Bhargavi,0.02828618968386023294509151414,0.06322795341098169717138103161,0.05657237936772046589018302829,0.07653910149750415973377703827,0.1613976705490848585690515807,0.1497504159733777038269550749,0.1480865224625623960066555740,0.1331114808652246256239600666,0.1031613976705490848585690516,0.06489184692179700499168053245,0.006655574043261231281198003328,0.05823627287853577371048252912,0.09983361064891846921797004992,0.08319467554076539101497504160,0.09151414309484193011647254576,0.1414309484193011647254575707,0.2079866888519134775374376040,0.1381031613976705490848585691,0.1164725457570715474209650582,0.04991680532445923460898502496,0.03660565723793677204658901830,0.1564059900166389351081530782,0.2129783693843594009983361065,0.1647254575707154742096505824,0.1231281198003327787021630616,0.08818635607321131447587354409,0.07653910149750415973377703827,0.05823627287853577371048252912,0.04159733777038269550748752080,0.02495840266222961730449251248,49.092920354,58.6894736842,54.931372549,2.06964146121,1.70264607584,3.5333121365,-0.19703943439807353,2.495260254515586,9.952163645511062,2.5192562114869417,2.0567088985328965,4.312241910692929,0.6535155641465162,running
Bhargavi,0.007923930269413629160063391442,0.02694136291600633914421553090,0.04754358161648177496038034865,0.1283676703645007923930269414,0.1632329635499207606973058637,0.1727416798732171156893819334,0.1410459587955625990491283677,0.1711568938193343898573692552,0.1109350237717908082408874802,0.02852614896988906497622820919,0.007923930269413629160063391442,0.03486529318541996830427892235,0.09825673534072900158478605388,0.07131537242472266244057052298,0.1014263074484944532488114105,0.1743264659270998415213946117,0.2060221870047543581616481775,0.1347068145800316957210776545,0.1030110935023771790808240887,0.05863708399366085578446909667,0.01109350237717908082408874802,0.06180665610142630744849445325,0.2329635499207606973058637084,0.1996830427892234548335974643,0.1426307448494453248811410460,0.1030110935023771790808240887,0.07923930269413629160063391442,0.05546751188589540412044374010,0.06656101426307448494453248811,0.03328050713153724247226624406,47.3790322581,57.5980392157,58.1683168317,1.89949549048,1.68445422765,3.8214316088,-0.15741061106347812,2.5273023505596277,9.91343805038041,2.2820528880053375,2.097682886129096,4.628677574832708,0.6801321445495078,running
Bhargavi,0.001572327044025157232704402516,0.01257861635220125786163522013,0.05817610062893081761006289308,0.06446540880503144654088050314,0.1729559748427672955974842767,0.1603773584905660377358490566,0.1918238993710691823899371069,0.1823899371069182389937106918,0.1132075471698113207547169811,0.03616352201257861635220125786,0.04245283018867924528301886792,0.09433962264150943396226415094,0.07704402515723270440251572327,0.09905660377358490566037735849,0.1147798742138364779874213836,0.1430817610062893081761006289,0.1729559748427672955974842767,0.1242138364779874213836477987,0.07861635220125786163522012579,0.03144654088050314465408805031,0.05345911949685534591194968553,0.1572327044025157232704402516,0.2122641509433962264150943396,0.1509433962264150943396226415,0.09905660377358490566037735849,0.09905660377358490566037735849,0.06446540880503144654088050314,0.04559748427672955974842767296,0.06603773584905660377358490566,0.04088050314465408805031446541,48.1544715447,53.9272727273,60.675257732,1.81153994567,1.78241717016,3.84714606023,0.016949515672599745,2.700435734394961,9.865781364201,2.1948904932161204,2.1515109400557484,4.619545444221487,0.6834690910983214,running
Bhargavi,0.01777059773828756058158319871,0.03069466882067851373182552504,0.05331179321486268174474959612,0.06785137318255250403877221325,0.1583198707592891760904684976,0.1243941841680129240710823910,0.1534733441033925686591276252,0.1550888529886914378029079160,0.1357027463651050080775444265,0.08885298869143780290791599354,0.01292407108239095315024232633,0.05815831987075928917609046850,0.1001615508885298869143780291,0.07431340872374798061389337641,0.1147011308562197092084006462,0.1550888529886914378029079160,0.1389337641357027463651050081,0.1825525040387722132471728595,0.1082390953150242326332794830,0.04523424878836833602584814216,0.02746365105008077544426494346,0.1276252019386106623586429725,0.2213247172859450726978998384,0.2035541195476575121163166397,0.1050080775444264943457189015,0.1276252019386106623586429725,0.07915993537964458804523424879,0.03554119547657512116316639742,0.03877221324717285945072697900,0.02261712439418416801292407108,46.1,52.05,51.3066666667,1.84834621069,1.97018455994,3.59946972686,-0.22791330956873485,2.9205814786797,9.792938084517619,2.2308748810497203,2.3635006075922624,4.443121248077812,0.6671266675418488,running
Bhargavi,0.03374777975133214920071047957,0.05328596802841918294849023091,0.1047957371225577264653641208,0.1776198934280639431616341030,0.1225577264653641207815275311,0.1385435168738898756660746004,0.1616341030195381882770870337,0.09236234458259325044404973357,0.09058614564831261101243339254,0.01776198934280639431616341030,0.02309058614564831261101243339,0.1101243339253996447602131439,0.06216696269982238010657193606,0.06039076376554174067495559503,0.1207815275310834813499111901,0.1190053285968028419182948490,0.1367673179396092362344582593,0.1740674955595026642984014210,0.1314387211367673179396092362,0.05150976909413854351687388988,0.01953818827708703374777975133,0.1012433392539964476021314387,0.2095914742451154529307282416,0.2042628774422735346358792185,0.1634103019538188277087033748,0.08880994671403197158081705151,0.07282415630550621669626998224,0.06216696269982238010657193606,0.04618117229129662522202486679,0.01953818827708703374777975133,50.2644230769,56.311827957,57.3387978142,2.18925126026,2.17358942647,3.48977722809,-0.09269952858743617,2.990110678528808,9.812758017179174,2.600423751373356,2.580470081265461,4.369377589414917,0.6180354800049032,running
Bhargavi,0.01403508771929824561403508772,0.04385964912280701754385964912,0.09473684210526315789473684211,0.1140350877192982456140350877,0.1421052631578947368421052632,0.1070175438596491228070175439,0.09122807017543859649122807018,0.1526315789473684210526315789,0.1385964912280701754385964912,0.08771929824561403508771929825,0.003508771929824561403508771930,0.01929824561403508771929824561,0.07719298245614035087719298246,0.1280701754385964912280701754,0.07543859649122807017543859649,0.1298245614035087719298245614,0.1666666666666666666666666667,0.1912280701754385964912280702,0.1017543859649122807017543860,0.07192982456140350877192982456,0.005263157894736842105263157895,0.03684210526315789473684210526,0.1403508771929824561403508772,0.2140350877192982456140350877,0.1947368421052631578947368421,0.1157894736842105263157894737,0.1017543859649122807017543860,0.07368421052631578947368421053,0.05789473684210526315789473684,0.04561403508771929824561403509,46.7488986784,53.958974359,60.9885057471,2.49732537351,2.20941155741,4.35622623687,-0.44371747468647205,2.15321727551912,10.023958440412555,2.8863883304402913,2.66984272552645,5.323683637066039,0.6373602416386823,running
Bhargavi,0.02063492063492063492063492063,0.05555555555555555555555555556,0.1126984126984126984126984127,0.1523809523809523809523809524,0.1333333333333333333333333333,0.1761904761904761904761904762,0.1428571428571428571428571429,0.1460317460317460317460317460,0.05238095238095238095238095238,0.006349206349206349206349206349,0.01587301587301587301587301587,0.04444444444444444444444444444,0.08095238095238095238095238095,0.1,0.09682539682539682539682539683,0.1492063492063492063492063492,0.1857142857142857142857142857,0.1682539682539682539682539683,0.09206349206349206349206349206,0.03650793650793650793650793651,0.01269841269841269841269841270,0.04761904761904761904761904762,0.09841269841269841269841269841,0.1873015873015873015873015873,0.2031746031746031746031746032,0.1206349206349206349206349206,0.1079365079365079365079365079,0.08730158730158730158730158730,0.05873015873015873015873015873,0.05079365079365079365079365079,47.7032520325,50.4463519313,63.5351351351,2.41048135793,2.21730124837,4.41775321678,-0.21824440123542907,1.8981085398840525,10.061492944142175,2.847674029667575,2.7247653399721457,5.383981406867402,0.7062732929564679,running
Bhargavi,0.003401360544217687074829931973,0.04251700680272108843537414966,0.09353741496598639455782312925,0.1224489795918367346938775510,0.1275510204081632653061224490,0.1513605442176870748299319728,0.1479591836734693877551020408,0.1377551020408163265306122449,0.1309523809523809523809523810,0.04081632653061224489795918367,0.006802721088435374149659863946,0.01190476190476190476190476190,0.04761904761904761904761904762,0.09183673469387755102040816327,0.1156462585034013605442176871,0.1360544217687074829931972789,0.2159863945578231292517006803,0.1768707482993197278911564626,0.1309523809523809523809523810,0.04931972789115646258503401361,0.01870748299319727891156462585,0.06632653061224489795918367347,0.1377551020408163265306122449,0.1938775510204081632653061224,0.1632653061224489795918367347,0.1088435374149659863945578231,0.1224489795918367346938775510,0.05612244897959183673469387755,0.05612244897959183673469387755,0.05102040816326530612244897959,49.6727272727,53.2330097087,59.0702702703,2.43952709471,2.25849721883,4.54162243284,-0.36061643743190636,1.6179999526666136,10.153996110773411,2.887134657665981,2.786386948043169,5.5125888348314795,0.662558478535917,running
